"","date","process_type","waste_type","industry","waste_amount"
"1",2017-01-01,"exploration","waste_water","oil",7860.7
"2",2017-02-01,"exploration","waste_water","oil",1569.63
"3",2017-03-01,"exploration","waste_water","oil",6447.45
"4",2017-04-01,"exploration","waste_water","oil",4187.7
"5",2017-05-01,"exploration","waste_water","oil",8201.68
"6",2017-06-01,"exploration","waste_water","oil",5504.69
"7",2017-07-01,"exploration","waste_water","oil",4919.39
"8",2017-08-01,"exploration","waste_water","oil",9464.92
"9",2017-09-01,"exploration","waste_water","oil",3660.17
"10",2017-10-01,"exploration","waste_water","oil",1722.08
"11",2017-11-01,"exploration","waste_water","oil",1381.48
"12",2017-12-01,"exploration","waste_water","oil",8619.44
"13",2018-01-01,"exploration","waste_water","oil",6551.91
"14",2018-02-01,"exploration","waste_water","oil",8103.69
"15",2018-03-01,"exploration","waste_water","oil",4182.68
"16",2018-04-01,"exploration","waste_water","oil",3627.38
"17",2018-05-01,"exploration","waste_water","oil",5489
"18",2018-06-01,"exploration","waste_water","oil",2871.27
"19",2018-07-01,"exploration","waste_water","oil",5180.03
"20",2018-08-01,"exploration","waste_water","oil",6162.28
"21",2018-09-01,"exploration","waste_water","oil",9175.42
"22",2018-10-01,"exploration","waste_water","oil",8646.19
"23",2018-11-01,"exploration","waste_water","oil",8053.95
"24",2018-12-01,"exploration","waste_water","oil",4828.9
"25",2019-01-01,"exploration","waste_water","oil",3983.52
"26",2019-02-01,"exploration","waste_water","oil",5720.38
"27",2019-03-01,"exploration","waste_water","oil",7296.4
"28",2019-04-01,"exploration","waste_water","oil",7399.44
"29",2019-05-01,"exploration","waste_water","oil",1783.36
"30",2019-06-01,"exploration","waste_water","oil",785.01
"31",2019-07-01,"exploration","waste_water","oil",8453.23
"32",2019-08-01,"exploration","waste_water","oil",1071.13
"33",2019-09-01,"exploration","waste_water","oil",10324.62
"34",2019-10-01,"exploration","waste_water","oil",6298.46
"35",2019-11-01,"exploration","waste_water","oil",6772.49
"36",2019-12-01,"exploration","waste_water","oil",8544.14
"37",2020-01-01,"exploration","waste_water","oil",7896.19
"38",2020-02-01,"exploration","waste_water","oil",7586.08
"39",2020-03-01,"exploration","waste_water","oil",9170.17
"40",2020-04-01,"exploration","waste_water","oil",6962.53
"41",2020-05-01,"exploration","waste_water","oil",2971.03
"42",2020-06-01,"exploration","waste_water","oil",2644.58
"43",2020-07-01,"exploration","waste_water","oil",7153.52
"44",2020-08-01,"exploration","waste_water","oil",5072.34
"45",2020-09-01,"exploration","waste_water","oil",6927.35
"46",2020-10-01,"exploration","waste_water","oil",7007.12
"47",2020-11-01,"exploration","waste_water","oil",6547.24
"48",2020-12-01,"exploration","waste_water","oil",8084.22
"49",2021-01-01,"exploration","waste_water","oil",6116.63
"50",2021-02-01,"exploration","waste_water","oil",9966.85
"51",2021-03-01,"exploration","waste_water","oil",6326.88
"52",2021-04-01,"exploration","waste_water","oil",3320.31
"53",2021-05-01,"exploration","waste_water","oil",312.3
"54",2021-06-01,"exploration","waste_water","oil",865.41
"55",2021-07-01,"exploration","waste_water","oil",7364.36
"56",2021-08-01,"exploration","waste_water","oil",3324.74
"57",2021-09-01,"exploration","waste_water","oil",346.11
"58",2021-10-01,"exploration","waste_water","oil",5237.55
"59",2021-11-01,"exploration","waste_water","oil",2341.97
"60",2021-12-01,"exploration","waste_water","oil",654.35
"61",2022-01-01,"exploration","waste_water","oil",1407.24
"62",2022-02-01,"exploration","waste_water","oil",8335.42
"63",2022-03-01,"exploration","waste_water","oil",514.06
"64",2022-04-01,"exploration","waste_water","oil",4635.04
"65",2022-05-01,"exploration","waste_water","oil",7893.62
"66",2022-06-01,"exploration","waste_water","oil",1057.71
"67",2022-07-01,"exploration","waste_water","oil",8713.4
"68",2022-08-01,"exploration","waste_water","oil",9506.66
"69",2022-09-01,"exploration","waste_water","oil",8421.98
"70",2022-10-01,"exploration","waste_water","oil",8953.36
"71",2022-11-01,"exploration","waste_water","oil",6555.12
"72",2022-12-01,"exploration","waste_water","oil",3810.12
"73",2023-01-01,"exploration","waste_water","oil",5380.77
"74",2023-02-01,"exploration","waste_water","oil",10074.46
"75",2023-03-01,"exploration","waste_water","oil",7454.94
"76",2017-01-01,"extraction","waste_water","oil",6195.79
"77",2017-02-01,"extraction","waste_water","oil",4360.23
"78",2017-03-01,"extraction","waste_water","oil",2052.91
"79",2017-04-01,"extraction","waste_water","oil",3810.04
"80",2017-05-01,"extraction","waste_water","oil",3260.07
"81",2017-06-01,"extraction","waste_water","oil",1404.13
"82",2017-07-01,"extraction","waste_water","oil",1247.45
"83",2017-08-01,"extraction","waste_water","oil",6129.3
"84",2017-09-01,"extraction","waste_water","oil",997.73
"85",2017-10-01,"extraction","waste_water","oil",1981.9
"86",2017-11-01,"extraction","waste_water","oil",807.63
"87",2017-12-01,"extraction","waste_water","oil",628.65
"88",2018-01-01,"extraction","waste_water","oil",4080.67
"89",2018-02-01,"extraction","waste_water","oil",1275.83
"90",2018-03-01,"extraction","waste_water","oil",4531.95
"91",2018-04-01,"extraction","waste_water","oil",9281.82
"92",2018-05-01,"extraction","waste_water","oil",5909.61
"93",2018-06-01,"extraction","waste_water","oil",2327.19
"94",2018-07-01,"extraction","waste_water","oil",5704.42
"95",2018-08-01,"extraction","waste_water","oil",1738.37
"96",2018-09-01,"extraction","waste_water","oil",10332.9
"97",2018-10-01,"extraction","waste_water","oil",6374.02
"98",2018-11-01,"extraction","waste_water","oil",4471.2
"99",2018-12-01,"extraction","waste_water","oil",3882.94
"100",2019-01-01,"extraction","waste_water","oil",3119.67
"101",2019-02-01,"extraction","waste_water","oil",9575.25
"102",2019-03-01,"extraction","waste_water","oil",3922.43
"103",2019-04-01,"extraction","waste_water","oil",5000.94
"104",2019-05-01,"extraction","waste_water","oil",8330.51
"105",2019-06-01,"extraction","waste_water","oil",10468.41
"106",2019-07-01,"extraction","waste_water","oil",5768.52
"107",2019-08-01,"extraction","waste_water","oil",656.38
"108",2019-09-01,"extraction","waste_water","oil",5635.34
"109",2019-10-01,"extraction","waste_water","oil",7321
"110",2019-11-01,"extraction","waste_water","oil",9636.08
"111",2019-12-01,"extraction","waste_water","oil",9866.5
"112",2020-01-01,"extraction","waste_water","oil",6704.08
"113",2020-02-01,"extraction","waste_water","oil",4984.88
"114",2020-03-01,"extraction","waste_water","oil",10314.39
"115",2020-04-01,"extraction","waste_water","oil",8572.69
"116",2020-05-01,"extraction","waste_water","oil",2158.73
"117",2020-06-01,"extraction","waste_water","oil",8448.41
"118",2020-07-01,"extraction","waste_water","oil",5943.21
"119",2020-08-01,"extraction","waste_water","oil",6891.58
"120",2020-09-01,"extraction","waste_water","oil",4286.88
"121",2020-10-01,"extraction","waste_water","oil",7548.05
"122",2020-11-01,"extraction","waste_water","oil",9094.79
"123",2020-12-01,"extraction","waste_water","oil",4222.8
"124",2021-01-01,"extraction","waste_water","oil",8023.01
"125",2021-02-01,"extraction","waste_water","oil",3625.13
"126",2021-03-01,"extraction","waste_water","oil",6997.94
"127",2021-04-01,"extraction","waste_water","oil",7687.22
"128",2021-05-01,"extraction","waste_water","oil",4107.14
"129",2021-06-01,"extraction","waste_water","oil",3244.18
"130",2021-07-01,"extraction","waste_water","oil",409.81
"131",2021-08-01,"extraction","waste_water","oil",960.14
"132",2021-09-01,"extraction","waste_water","oil",594.24
"133",2021-10-01,"extraction","waste_water","oil",6689.96
"134",2021-11-01,"extraction","waste_water","oil",4658.42
"135",2021-12-01,"extraction","waste_water","oil",6743.99
"136",2022-01-01,"extraction","waste_water","oil",2984.13
"137",2022-02-01,"extraction","waste_water","oil",5385.23
"138",2022-03-01,"extraction","waste_water","oil",46.91
"139",2022-04-01,"extraction","waste_water","oil",5287.69
"140",2022-05-01,"extraction","waste_water","oil",6046.03
"141",2022-06-01,"extraction","waste_water","oil",3943.63
"142",2022-07-01,"extraction","waste_water","oil",984.06
"143",2022-08-01,"extraction","waste_water","oil",3002.95
"144",2022-09-01,"extraction","waste_water","oil",4541.23
"145",2022-10-01,"extraction","waste_water","oil",8486.81
"146",2022-11-01,"extraction","waste_water","oil",973.77
"147",2022-12-01,"extraction","waste_water","oil",993.46
"148",2023-01-01,"extraction","waste_water","oil",4341.49
"149",2023-02-01,"extraction","waste_water","oil",3087.69
"150",2023-03-01,"extraction","waste_water","oil",10317.67
"151",2017-01-01,"development","waste_water","oil",2334.06
"152",2017-02-01,"development","waste_water","oil",3749.27
"153",2017-03-01,"development","waste_water","oil",5097.52
"154",2017-04-01,"development","waste_water","oil",4358.12
"155",2017-05-01,"development","waste_water","oil",6569.85
"156",2017-06-01,"development","waste_water","oil",2668.59
"157",2017-07-01,"development","waste_water","oil",6739.11
"158",2017-08-01,"development","waste_water","oil",5239.48
"159",2017-09-01,"development","waste_water","oil",2149.88
"160",2017-10-01,"development","waste_water","oil",3093.25
"161",2017-11-01,"development","waste_water","oil",4009.75
"162",2017-12-01,"development","waste_water","oil",6989.71
"163",2018-01-01,"development","waste_water","oil",8190.61
"164",2018-02-01,"development","waste_water","oil",2784.16
"165",2018-03-01,"development","waste_water","oil",280.4
"166",2018-04-01,"development","waste_water","oil",10092.28
"167",2018-05-01,"development","waste_water","oil",8630.88
"168",2018-06-01,"development","waste_water","oil",7202.44
"169",2018-07-01,"development","waste_water","oil",7377.96
"170",2018-08-01,"development","waste_water","oil",7447.53
"171",2018-09-01,"development","waste_water","oil",7738.61
"172",2018-10-01,"development","waste_water","oil",3794.96
"173",2018-11-01,"development","waste_water","oil",8693.5
"174",2018-12-01,"development","waste_water","oil",10479.97
"175",2019-01-01,"development","waste_water","oil",51.84
"176",2019-02-01,"development","waste_water","oil",10013.34
"177",2019-03-01,"development","waste_water","oil",8082.86
"178",2019-04-01,"development","waste_water","oil",755.99
"179",2019-05-01,"development","waste_water","oil",5179.1
"180",2019-06-01,"development","waste_water","oil",1596.35
"181",2019-07-01,"development","waste_water","oil",3742.09
"182",2019-08-01,"development","waste_water","oil",5622.16
"183",2019-09-01,"development","waste_water","oil",3978.08
"184",2019-10-01,"development","waste_water","oil",8867.25
"185",2019-11-01,"development","waste_water","oil",2091.84
"186",2019-12-01,"development","waste_water","oil",7365.09
"187",2020-01-01,"development","waste_water","oil",3087.67
"188",2020-02-01,"development","waste_water","oil",4101.93
"189",2020-03-01,"development","waste_water","oil",6723.85
"190",2020-04-01,"development","waste_water","oil",6845.8
"191",2020-05-01,"development","waste_water","oil",8131.19
"192",2020-06-01,"development","waste_water","oil",8776.87
"193",2020-07-01,"development","waste_water","oil",9378.69
"194",2020-08-01,"development","waste_water","oil",7458.75
"195",2020-09-01,"development","waste_water","oil",2856.79
"196",2020-10-01,"development","waste_water","oil",7365.17
"197",2020-11-01,"development","waste_water","oil",9745.81
"198",2020-12-01,"development","waste_water","oil",1272.09
"199",2021-01-01,"development","waste_water","oil",3238.63
"200",2021-02-01,"development","waste_water","oil",6489.45
"201",2021-03-01,"development","waste_water","oil",4292.76
"202",2021-04-01,"development","waste_water","oil",4813.72
"203",2021-05-01,"development","waste_water","oil",6283.87
"204",2021-06-01,"development","waste_water","oil",1409.71
"205",2021-07-01,"development","waste_water","oil",8340.32
"206",2021-08-01,"development","waste_water","oil",131.33
"207",2021-09-01,"development","waste_water","oil",1092.23
"208",2021-10-01,"development","waste_water","oil",10462.4
"209",2021-11-01,"development","waste_water","oil",9262.64
"210",2021-12-01,"development","waste_water","oil",7575.84
"211",2022-01-01,"development","waste_water","oil",2187.75
"212",2022-02-01,"development","waste_water","oil",9515.43
"213",2022-03-01,"development","waste_water","oil",7215.81
"214",2022-04-01,"development","waste_water","oil",7777.61
"215",2022-05-01,"development","waste_water","oil",6725.75
"216",2022-06-01,"development","waste_water","oil",242.27
"217",2022-07-01,"development","waste_water","oil",9430.71
"218",2022-08-01,"development","waste_water","oil",3863.44
"219",2022-09-01,"development","waste_water","oil",341.56
"220",2022-10-01,"development","waste_water","oil",791.67
"221",2022-11-01,"development","waste_water","oil",3727.28
"222",2022-12-01,"development","waste_water","oil",5544.19
"223",2023-01-01,"development","waste_water","oil",2551.42
"224",2023-02-01,"development","waste_water","oil",6765.46
"225",2023-03-01,"development","waste_water","oil",9595.58
"226",2017-01-01,"production","waste_water","oil",4565.3
"227",2017-02-01,"production","waste_water","oil",7278.41
"228",2017-03-01,"production","waste_water","oil",5563.58
"229",2017-04-01,"production","waste_water","oil",1800.65
"230",2017-05-01,"production","waste_water","oil",3702.41
"231",2017-06-01,"production","waste_water","oil",3678.69
"232",2017-07-01,"production","waste_water","oil",1536.28
"233",2017-08-01,"production","waste_water","oil",1414.51
"234",2017-09-01,"production","waste_water","oil",9585.33
"235",2017-10-01,"production","waste_water","oil",8342.38
"236",2017-11-01,"production","waste_water","oil",10179.54
"237",2017-12-01,"production","waste_water","oil",5427.98
"238",2018-01-01,"production","waste_water","oil",4501.06
"239",2018-02-01,"production","waste_water","oil",2856.09
"240",2018-03-01,"production","waste_water","oil",8681.81
"241",2018-04-01,"production","waste_water","oil",7119.86
"242",2018-05-01,"production","waste_water","oil",8053.32
"243",2018-06-01,"production","waste_water","oil",9135.07
"244",2018-07-01,"production","waste_water","oil",9690.33
"245",2018-08-01,"production","waste_water","oil",1253.29
"246",2018-09-01,"production","waste_water","oil",2052.33
"247",2018-10-01,"production","waste_water","oil",4250.58
"248",2018-11-01,"production","waste_water","oil",4770.69
"249",2018-12-01,"production","waste_water","oil",2531.38
"250",2019-01-01,"production","waste_water","oil",10276.83
"251",2019-02-01,"production","waste_water","oil",5834.49
"252",2019-03-01,"production","waste_water","oil",4210.68
"253",2019-04-01,"production","waste_water","oil",6317.89
"254",2019-05-01,"production","waste_water","oil",10089.45
"255",2019-06-01,"production","waste_water","oil",4874.82
"256",2019-07-01,"production","waste_water","oil",6899.33
"257",2019-08-01,"production","waste_water","oil",7487.93
"258",2019-09-01,"production","waste_water","oil",7162.75
"259",2019-10-01,"production","waste_water","oil",1404.67
"260",2019-11-01,"production","waste_water","oil",502.74
"261",2019-12-01,"production","waste_water","oil",9818.89
"262",2020-01-01,"production","waste_water","oil",327.53
"263",2020-02-01,"production","waste_water","oil",156.43
"264",2020-03-01,"production","waste_water","oil",4839.53
"265",2020-04-01,"production","waste_water","oil",6849.61
"266",2020-05-01,"production","waste_water","oil",1935.65
"267",2020-06-01,"production","waste_water","oil",9740.88
"268",2020-07-01,"production","waste_water","oil",7955.44
"269",2020-08-01,"production","waste_water","oil",5510.45
"270",2020-09-01,"production","waste_water","oil",4020.67
"271",2020-10-01,"production","waste_water","oil",5445.96
"272",2020-11-01,"production","waste_water","oil",2545.44
"273",2020-12-01,"production","waste_water","oil",9181.35
"274",2021-01-01,"production","waste_water","oil",9053.01
"275",2021-02-01,"production","waste_water","oil",4217.92
"276",2021-03-01,"production","waste_water","oil",8572.07
"277",2021-04-01,"production","waste_water","oil",2471
"278",2021-05-01,"production","waste_water","oil",8506.25
"279",2021-06-01,"production","waste_water","oil",6625.55
"280",2021-07-01,"production","waste_water","oil",4291
"281",2021-08-01,"production","waste_water","oil",5164.06
"282",2021-09-01,"production","waste_water","oil",4172.44
"283",2021-10-01,"production","waste_water","oil",7737.29
"284",2021-11-01,"production","waste_water","oil",1404.07
"285",2021-12-01,"production","waste_water","oil",8736.05
"286",2022-01-01,"production","waste_water","oil",8236.19
"287",2022-02-01,"production","waste_water","oil",5311.99
"288",2022-03-01,"production","waste_water","oil",6330.37
"289",2022-04-01,"production","waste_water","oil",10012.44
"290",2022-05-01,"production","waste_water","oil",2404.06
"291",2022-06-01,"production","waste_water","oil",3675.38
"292",2022-07-01,"production","waste_water","oil",666.63
"293",2022-08-01,"production","waste_water","oil",7623.96
"294",2022-09-01,"production","waste_water","oil",6480.85
"295",2022-10-01,"production","waste_water","oil",8396.06
"296",2022-11-01,"production","waste_water","oil",4999.41
"297",2022-12-01,"production","waste_water","oil",3694.38
"298",2023-01-01,"production","waste_water","oil",2447.06
"299",2023-02-01,"production","waste_water","oil",8312.49
"300",2023-03-01,"production","waste_water","oil",1990.33
"301",2017-01-01,"exploration","solid_waste","oil",4021.41
"302",2017-02-01,"exploration","solid_waste","oil",926.21
"303",2017-03-01,"exploration","solid_waste","oil",8491.8
"304",2017-04-01,"exploration","solid_waste","oil",10108.33
"305",2017-05-01,"exploration","solid_waste","oil",8199.36
"306",2017-06-01,"exploration","solid_waste","oil",5788.94
"307",2017-07-01,"exploration","solid_waste","oil",2283.35
"308",2017-08-01,"exploration","solid_waste","oil",7476.09
"309",2017-09-01,"exploration","solid_waste","oil",6635.65
"310",2017-10-01,"exploration","solid_waste","oil",8096.31
"311",2017-11-01,"exploration","solid_waste","oil",9775.48
"312",2017-12-01,"exploration","solid_waste","oil",3828.1
"313",2018-01-01,"exploration","solid_waste","oil",3990.89
"314",2018-02-01,"exploration","solid_waste","oil",3536.65
"315",2018-03-01,"exploration","solid_waste","oil",5766.88
"316",2018-04-01,"exploration","solid_waste","oil",6151.34
"317",2018-05-01,"exploration","solid_waste","oil",7084.9
"318",2018-06-01,"exploration","solid_waste","oil",9722.34
"319",2018-07-01,"exploration","solid_waste","oil",6999.69
"320",2018-08-01,"exploration","solid_waste","oil",8452.78
"321",2018-09-01,"exploration","solid_waste","oil",4534.11
"322",2018-10-01,"exploration","solid_waste","oil",8058.44
"323",2018-11-01,"exploration","solid_waste","oil",2560.85
"324",2018-12-01,"exploration","solid_waste","oil",1284.69
"325",2019-01-01,"exploration","solid_waste","oil",9619.45
"326",2019-02-01,"exploration","solid_waste","oil",1601.54
"327",2019-03-01,"exploration","solid_waste","oil",4586.97
"328",2019-04-01,"exploration","solid_waste","oil",8543.67
"329",2019-05-01,"exploration","solid_waste","oil",7382.5
"330",2019-06-01,"exploration","solid_waste","oil",1951.69
"331",2019-07-01,"exploration","solid_waste","oil",7284.79
"332",2019-08-01,"exploration","solid_waste","oil",9985.14
"333",2019-09-01,"exploration","solid_waste","oil",3417.93
"334",2019-10-01,"exploration","solid_waste","oil",8902.96
"335",2019-11-01,"exploration","solid_waste","oil",5620.22
"336",2019-12-01,"exploration","solid_waste","oil",8689.34
"337",2020-01-01,"exploration","solid_waste","oil",551.11
"338",2020-02-01,"exploration","solid_waste","oil",3209.51
"339",2020-03-01,"exploration","solid_waste","oil",5562.92
"340",2020-04-01,"exploration","solid_waste","oil",6032.06
"341",2020-05-01,"exploration","solid_waste","oil",8310.2
"342",2020-06-01,"exploration","solid_waste","oil",8687.46
"343",2020-07-01,"exploration","solid_waste","oil",1269.86
"344",2020-08-01,"exploration","solid_waste","oil",8252.63
"345",2020-09-01,"exploration","solid_waste","oil",6309.75
"346",2020-10-01,"exploration","solid_waste","oil",6100.24
"347",2020-11-01,"exploration","solid_waste","oil",270.87
"348",2020-12-01,"exploration","solid_waste","oil",9070.55
"349",2021-01-01,"exploration","solid_waste","oil",8979.04
"350",2021-02-01,"exploration","solid_waste","oil",8655.46
"351",2021-03-01,"exploration","solid_waste","oil",121.46
"352",2021-04-01,"exploration","solid_waste","oil",5817.59
"353",2021-05-01,"exploration","solid_waste","oil",2877.74
"354",2021-06-01,"exploration","solid_waste","oil",8972.1
"355",2021-07-01,"exploration","solid_waste","oil",3157.39
"356",2021-08-01,"exploration","solid_waste","oil",5364.89
"357",2021-09-01,"exploration","solid_waste","oil",6175.76
"358",2021-10-01,"exploration","solid_waste","oil",803.15
"359",2021-11-01,"exploration","solid_waste","oil",1532.36
"360",2021-12-01,"exploration","solid_waste","oil",579.21
"361",2022-01-01,"exploration","solid_waste","oil",822.78
"362",2022-02-01,"exploration","solid_waste","oil",2684.17
"363",2022-03-01,"exploration","solid_waste","oil",222.5
"364",2022-04-01,"exploration","solid_waste","oil",2125.26
"365",2022-05-01,"exploration","solid_waste","oil",6628.49
"366",2022-06-01,"exploration","solid_waste","oil",3951.34
"367",2022-07-01,"exploration","solid_waste","oil",9185.11
"368",2022-08-01,"exploration","solid_waste","oil",6487.55
"369",2022-09-01,"exploration","solid_waste","oil",6259.89
"370",2022-10-01,"exploration","solid_waste","oil",509.32
"371",2022-11-01,"exploration","solid_waste","oil",6764.94
"372",2022-12-01,"exploration","solid_waste","oil",1386.06
"373",2023-01-01,"exploration","solid_waste","oil",3677.44
"374",2023-02-01,"exploration","solid_waste","oil",8743.54
"375",2023-03-01,"exploration","solid_waste","oil",702.65
"376",2017-01-01,"extraction","solid_waste","oil",6988.06
"377",2017-02-01,"extraction","solid_waste","oil",9685.73
"378",2017-03-01,"extraction","solid_waste","oil",3733.49
"379",2017-04-01,"extraction","solid_waste","oil",3239.22
"380",2017-05-01,"extraction","solid_waste","oil",8757.48
"381",2017-06-01,"extraction","solid_waste","oil",5386.82
"382",2017-07-01,"extraction","solid_waste","oil",2811.01
"383",2017-08-01,"extraction","solid_waste","oil",1844.56
"384",2017-09-01,"extraction","solid_waste","oil",2918.81
"385",2017-10-01,"extraction","solid_waste","oil",1940.7
"386",2017-11-01,"extraction","solid_waste","oil",9448.77
"387",2017-12-01,"extraction","solid_waste","oil",472.62
"388",2018-01-01,"extraction","solid_waste","oil",3421.01
"389",2018-02-01,"extraction","solid_waste","oil",3198.82
"390",2018-03-01,"extraction","solid_waste","oil",9673.83
"391",2018-04-01,"extraction","solid_waste","oil",5533.51
"392",2018-05-01,"extraction","solid_waste","oil",9956.8
"393",2018-06-01,"extraction","solid_waste","oil",2373.9
"394",2018-07-01,"extraction","solid_waste","oil",8473.91
"395",2018-08-01,"extraction","solid_waste","oil",1950.05
"396",2018-09-01,"extraction","solid_waste","oil",6132.02
"397",2018-10-01,"extraction","solid_waste","oil",8567.99
"398",2018-11-01,"extraction","solid_waste","oil",9558.88
"399",2018-12-01,"extraction","solid_waste","oil",504.99
"400",2019-01-01,"extraction","solid_waste","oil",4663.82
"401",2019-02-01,"extraction","solid_waste","oil",6522.96
"402",2019-03-01,"extraction","solid_waste","oil",10286.71
"403",2019-04-01,"extraction","solid_waste","oil",6428.1
"404",2019-05-01,"extraction","solid_waste","oil",8442.63
"405",2019-06-01,"extraction","solid_waste","oil",7585.17
"406",2019-07-01,"extraction","solid_waste","oil",7789.76
"407",2019-08-01,"extraction","solid_waste","oil",1736.68
"408",2019-09-01,"extraction","solid_waste","oil",8573.13
"409",2019-10-01,"extraction","solid_waste","oil",716.85
"410",2019-11-01,"extraction","solid_waste","oil",1974.14
"411",2019-12-01,"extraction","solid_waste","oil",2877.22
"412",2020-01-01,"extraction","solid_waste","oil",4132.7
"413",2020-02-01,"extraction","solid_waste","oil",3876.81
"414",2020-03-01,"extraction","solid_waste","oil",1797.21
"415",2020-04-01,"extraction","solid_waste","oil",9332.52
"416",2020-05-01,"extraction","solid_waste","oil",4600.01
"417",2020-06-01,"extraction","solid_waste","oil",4800.71
"418",2020-07-01,"extraction","solid_waste","oil",7754.81
"419",2020-08-01,"extraction","solid_waste","oil",3326.36
"420",2020-09-01,"extraction","solid_waste","oil",6049.41
"421",2020-10-01,"extraction","solid_waste","oil",8312.04
"422",2020-11-01,"extraction","solid_waste","oil",7732.2
"423",2020-12-01,"extraction","solid_waste","oil",9443.11
"424",2021-01-01,"extraction","solid_waste","oil",1780.56
"425",2021-02-01,"extraction","solid_waste","oil",9562.05
"426",2021-03-01,"extraction","solid_waste","oil",10155.82
"427",2021-04-01,"extraction","solid_waste","oil",7198.2
"428",2021-05-01,"extraction","solid_waste","oil",8426.94
"429",2021-06-01,"extraction","solid_waste","oil",604.96
"430",2021-07-01,"extraction","solid_waste","oil",1562.91
"431",2021-08-01,"extraction","solid_waste","oil",1640.14
"432",2021-09-01,"extraction","solid_waste","oil",7674.1
"433",2021-10-01,"extraction","solid_waste","oil",7673.66
"434",2021-11-01,"extraction","solid_waste","oil",6925.73
"435",2021-12-01,"extraction","solid_waste","oil",7653.79
"436",2022-01-01,"extraction","solid_waste","oil",9207.76
"437",2022-02-01,"extraction","solid_waste","oil",9690.53
"438",2022-03-01,"extraction","solid_waste","oil",1132.54
"439",2022-04-01,"extraction","solid_waste","oil",5127.3
"440",2022-05-01,"extraction","solid_waste","oil",36.67
"441",2022-06-01,"extraction","solid_waste","oil",8764.13
"442",2022-07-01,"extraction","solid_waste","oil",127.21
"443",2022-08-01,"extraction","solid_waste","oil",9718.32
"444",2022-09-01,"extraction","solid_waste","oil",4862.08
"445",2022-10-01,"extraction","solid_waste","oil",7100.55
"446",2022-11-01,"extraction","solid_waste","oil",3567.91
"447",2022-12-01,"extraction","solid_waste","oil",4694.77
"448",2023-01-01,"extraction","solid_waste","oil",10300.05
"449",2023-02-01,"extraction","solid_waste","oil",5598.65
"450",2023-03-01,"extraction","solid_waste","oil",931.19
"451",2017-01-01,"development","solid_waste","oil",2451.39
"452",2017-02-01,"development","solid_waste","oil",5148.56
"453",2017-03-01,"development","solid_waste","oil",10461.04
"454",2017-04-01,"development","solid_waste","oil",3.34
"455",2017-05-01,"development","solid_waste","oil",2439.58
"456",2017-06-01,"development","solid_waste","oil",6761.6
"457",2017-07-01,"development","solid_waste","oil",7554.09
"458",2017-08-01,"development","solid_waste","oil",10157.7
"459",2017-09-01,"development","solid_waste","oil",10299.55
"460",2017-10-01,"development","solid_waste","oil",8442.84
"461",2017-11-01,"development","solid_waste","oil",4441.38
"462",2017-12-01,"development","solid_waste","oil",3162.36
"463",2018-01-01,"development","solid_waste","oil",4006.59
"464",2018-02-01,"development","solid_waste","oil",4561.63
"465",2018-03-01,"development","solid_waste","oil",8516.33
"466",2018-04-01,"development","solid_waste","oil",10466.29
"467",2018-05-01,"development","solid_waste","oil",8821.06
"468",2018-06-01,"development","solid_waste","oil",5989.27
"469",2018-07-01,"development","solid_waste","oil",0.14
"470",2018-08-01,"development","solid_waste","oil",6069.74
"471",2018-09-01,"development","solid_waste","oil",5590.01
"472",2018-10-01,"development","solid_waste","oil",8015.16
"473",2018-11-01,"development","solid_waste","oil",8751.24
"474",2018-12-01,"development","solid_waste","oil",9517.77
"475",2019-01-01,"development","solid_waste","oil",4534.84
"476",2019-02-01,"development","solid_waste","oil",688.9
"477",2019-03-01,"development","solid_waste","oil",5327.71
"478",2019-04-01,"development","solid_waste","oil",2451.76
"479",2019-05-01,"development","solid_waste","oil",819.08
"480",2019-06-01,"development","solid_waste","oil",4411.69
"481",2019-07-01,"development","solid_waste","oil",293.82
"482",2019-08-01,"development","solid_waste","oil",5875.69
"483",2019-09-01,"development","solid_waste","oil",2616.43
"484",2019-10-01,"development","solid_waste","oil",7730.86
"485",2019-11-01,"development","solid_waste","oil",395.54
"486",2019-12-01,"development","solid_waste","oil",2150.83
"487",2020-01-01,"development","solid_waste","oil",2291.2
"488",2020-02-01,"development","solid_waste","oil",7411.57
"489",2020-03-01,"development","solid_waste","oil",4262.69
"490",2020-04-01,"development","solid_waste","oil",8773.82
"491",2020-05-01,"development","solid_waste","oil",3453.96
"492",2020-06-01,"development","solid_waste","oil",9438.62
"493",2020-07-01,"development","solid_waste","oil",2784.55
"494",2020-08-01,"development","solid_waste","oil",7282.81
"495",2020-09-01,"development","solid_waste","oil",3349.95
"496",2020-10-01,"development","solid_waste","oil",6435.47
"497",2020-11-01,"development","solid_waste","oil",1185.14
"498",2020-12-01,"development","solid_waste","oil",7001.36
"499",2021-01-01,"development","solid_waste","oil",6073.38
"500",2021-02-01,"development","solid_waste","oil",7643.95
"501",2021-03-01,"development","solid_waste","oil",250.24
"502",2021-04-01,"development","solid_waste","oil",6384.44
"503",2021-05-01,"development","solid_waste","oil",6696.23
"504",2021-06-01,"development","solid_waste","oil",10375.71
"505",2021-07-01,"development","solid_waste","oil",788.55
"506",2021-08-01,"development","solid_waste","oil",129.29
"507",2021-09-01,"development","solid_waste","oil",146.59
"508",2021-10-01,"development","solid_waste","oil",1153.98
"509",2021-11-01,"development","solid_waste","oil",10439.8
"510",2021-12-01,"development","solid_waste","oil",2230.55
"511",2022-01-01,"development","solid_waste","oil",1652.64
"512",2022-02-01,"development","solid_waste","oil",1093.57
"513",2022-03-01,"development","solid_waste","oil",7247.81
"514",2022-04-01,"development","solid_waste","oil",252.4
"515",2022-05-01,"development","solid_waste","oil",6309.08
"516",2022-06-01,"development","solid_waste","oil",9550.7
"517",2022-07-01,"development","solid_waste","oil",7017.9
"518",2022-08-01,"development","solid_waste","oil",8659.24
"519",2022-09-01,"development","solid_waste","oil",6877.92
"520",2022-10-01,"development","solid_waste","oil",2196.17
"521",2022-11-01,"development","solid_waste","oil",3996.95
"522",2022-12-01,"development","solid_waste","oil",1634.7
"523",2023-01-01,"development","solid_waste","oil",9765.67
"524",2023-02-01,"development","solid_waste","oil",7751.32
"525",2023-03-01,"development","solid_waste","oil",2902.01
"526",2017-01-01,"production","solid_waste","oil",5670.05
"527",2017-02-01,"production","solid_waste","oil",10309.16
"528",2017-03-01,"production","solid_waste","oil",8856.64
"529",2017-04-01,"production","solid_waste","oil",8240.99
"530",2017-05-01,"production","solid_waste","oil",5478.56
"531",2017-06-01,"production","solid_waste","oil",2713.16
"532",2017-07-01,"production","solid_waste","oil",1477.98
"533",2017-08-01,"production","solid_waste","oil",6205.2
"534",2017-09-01,"production","solid_waste","oil",3882.21
"535",2017-10-01,"production","solid_waste","oil",2872.7
"536",2017-11-01,"production","solid_waste","oil",5663.71
"537",2017-12-01,"production","solid_waste","oil",1967.58
"538",2018-01-01,"production","solid_waste","oil",2562.97
"539",2018-02-01,"production","solid_waste","oil",7438.35
"540",2018-03-01,"production","solid_waste","oil",9169.55
"541",2018-04-01,"production","solid_waste","oil",7913.83
"542",2018-05-01,"production","solid_waste","oil",8069.79
"543",2018-06-01,"production","solid_waste","oil",4624.2
"544",2018-07-01,"production","solid_waste","oil",1918.78
"545",2018-08-01,"production","solid_waste","oil",6334.7
"546",2018-09-01,"production","solid_waste","oil",5487.14
"547",2018-10-01,"production","solid_waste","oil",3681.5
"548",2018-11-01,"production","solid_waste","oil",7118.28
"549",2018-12-01,"production","solid_waste","oil",8222.83
"550",2019-01-01,"production","solid_waste","oil",1665.72
"551",2019-02-01,"production","solid_waste","oil",3950.68
"552",2019-03-01,"production","solid_waste","oil",9172.34
"553",2019-04-01,"production","solid_waste","oil",5328.18
"554",2019-05-01,"production","solid_waste","oil",3315.64
"555",2019-06-01,"production","solid_waste","oil",8921.07
"556",2019-07-01,"production","solid_waste","oil",3863.62
"557",2019-08-01,"production","solid_waste","oil",1598.71
"558",2019-09-01,"production","solid_waste","oil",1779.64
"559",2019-10-01,"production","solid_waste","oil",6372.91
"560",2019-11-01,"production","solid_waste","oil",2563.14
"561",2019-12-01,"production","solid_waste","oil",6667.61
"562",2020-01-01,"production","solid_waste","oil",6669.23
"563",2020-02-01,"production","solid_waste","oil",5883.96
"564",2020-03-01,"production","solid_waste","oil",6094.08
"565",2020-04-01,"production","solid_waste","oil",6704.31
"566",2020-05-01,"production","solid_waste","oil",1091.55
"567",2020-06-01,"production","solid_waste","oil",3200.84
"568",2020-07-01,"production","solid_waste","oil",991.18
"569",2020-08-01,"production","solid_waste","oil",4400.37
"570",2020-09-01,"production","solid_waste","oil",9624.95
"571",2020-10-01,"production","solid_waste","oil",1404.11
"572",2020-11-01,"production","solid_waste","oil",5458.6
"573",2020-12-01,"production","solid_waste","oil",9752.07
"574",2021-01-01,"production","solid_waste","oil",2030.21
"575",2021-02-01,"production","solid_waste","oil",9417.88
"576",2021-03-01,"production","solid_waste","oil",7909.27
"577",2021-04-01,"production","solid_waste","oil",3492.62
"578",2021-05-01,"production","solid_waste","oil",8904.23
"579",2021-06-01,"production","solid_waste","oil",9664.19
"580",2021-07-01,"production","solid_waste","oil",3077.23
"581",2021-08-01,"production","solid_waste","oil",4949.42
"582",2021-09-01,"production","solid_waste","oil",6647.99
"583",2021-10-01,"production","solid_waste","oil",1384.52
"584",2021-11-01,"production","solid_waste","oil",3446.65
"585",2021-12-01,"production","solid_waste","oil",8233.64
"586",2022-01-01,"production","solid_waste","oil",4699.34
"587",2022-02-01,"production","solid_waste","oil",6444.75
"588",2022-03-01,"production","solid_waste","oil",9920.19
"589",2022-04-01,"production","solid_waste","oil",4140.29
"590",2022-05-01,"production","solid_waste","oil",8324.51
"591",2022-06-01,"production","solid_waste","oil",4411.92
"592",2022-07-01,"production","solid_waste","oil",8930.44
"593",2022-08-01,"production","solid_waste","oil",7902.03
"594",2022-09-01,"production","solid_waste","oil",3719.05
"595",2022-10-01,"production","solid_waste","oil",146.56
"596",2022-11-01,"production","solid_waste","oil",10268.51
"597",2022-12-01,"production","solid_waste","oil",1213
"598",2023-01-01,"production","solid_waste","oil",154.3
"599",2023-02-01,"production","solid_waste","oil",4537.4
"600",2023-03-01,"production","solid_waste","oil",9446.33
"601",2017-01-01,"exploration","waste_water","gas",8379.2
"602",2017-02-01,"exploration","waste_water","gas",202.34
"603",2017-03-01,"exploration","waste_water","gas",2978.31
"604",2017-04-01,"exploration","waste_water","gas",7722.69
"605",2017-05-01,"exploration","waste_water","gas",6663.61
"606",2017-06-01,"exploration","waste_water","gas",9845.31
"607",2017-07-01,"exploration","waste_water","gas",576.71
"608",2017-08-01,"exploration","waste_water","gas",564.5
"609",2017-09-01,"exploration","waste_water","gas",5388.02
"610",2017-10-01,"exploration","waste_water","gas",6502.61
"611",2017-11-01,"exploration","waste_water","gas",8225.36
"612",2017-12-01,"exploration","waste_water","gas",430.7
"613",2018-01-01,"exploration","waste_water","gas",3306.99
"614",2018-02-01,"exploration","waste_water","gas",7255.27
"615",2018-03-01,"exploration","waste_water","gas",8923.97
"616",2018-04-01,"exploration","waste_water","gas",6966.67
"617",2018-05-01,"exploration","waste_water","gas",8340.02
"618",2018-06-01,"exploration","waste_water","gas",1988.16
"619",2018-07-01,"exploration","waste_water","gas",2835.5
"620",2018-08-01,"exploration","waste_water","gas",4486.11
"621",2018-09-01,"exploration","waste_water","gas",3249.94
"622",2018-10-01,"exploration","waste_water","gas",5441.32
"623",2018-11-01,"exploration","waste_water","gas",8079.02
"624",2018-12-01,"exploration","waste_water","gas",7181.57
"625",2019-01-01,"exploration","waste_water","gas",10282.62
"626",2019-02-01,"exploration","waste_water","gas",1175.21
"627",2019-03-01,"exploration","waste_water","gas",3142.43
"628",2019-04-01,"exploration","waste_water","gas",7255.1
"629",2019-05-01,"exploration","waste_water","gas",181.14
"630",2019-06-01,"exploration","waste_water","gas",6292.57
"631",2019-07-01,"exploration","waste_water","gas",4032.23
"632",2019-08-01,"exploration","waste_water","gas",3965.14
"633",2019-09-01,"exploration","waste_water","gas",4942.42
"634",2019-10-01,"exploration","waste_water","gas",3575.5
"635",2019-11-01,"exploration","waste_water","gas",8926.99
"636",2019-12-01,"exploration","waste_water","gas",5628.01
"637",2020-01-01,"exploration","waste_water","gas",5945.11
"638",2020-02-01,"exploration","waste_water","gas",6277.39
"639",2020-03-01,"exploration","waste_water","gas",450.9
"640",2020-04-01,"exploration","waste_water","gas",3328.56
"641",2020-05-01,"exploration","waste_water","gas",7756.92
"642",2020-06-01,"exploration","waste_water","gas",8461.01
"643",2020-07-01,"exploration","waste_water","gas",5776.38
"644",2020-08-01,"exploration","waste_water","gas",3445.54
"645",2020-09-01,"exploration","waste_water","gas",120.77
"646",2020-10-01,"exploration","waste_water","gas",8342.44
"647",2020-11-01,"exploration","waste_water","gas",5064.53
"648",2020-12-01,"exploration","waste_water","gas",8346.13
"649",2021-01-01,"exploration","waste_water","gas",10310.76
"650",2021-02-01,"exploration","waste_water","gas",7281.26
"651",2021-03-01,"exploration","waste_water","gas",3399.94
"652",2021-04-01,"exploration","waste_water","gas",676.83
"653",2021-05-01,"exploration","waste_water","gas",7894.2
"654",2021-06-01,"exploration","waste_water","gas",9808.7
"655",2021-07-01,"exploration","waste_water","gas",3495.52
"656",2021-08-01,"exploration","waste_water","gas",1508.6
"657",2021-09-01,"exploration","waste_water","gas",5171.38
"658",2021-10-01,"exploration","waste_water","gas",2784.71
"659",2021-11-01,"exploration","waste_water","gas",10099.34
"660",2021-12-01,"exploration","waste_water","gas",3877.88
"661",2022-01-01,"exploration","waste_water","gas",7975.38
"662",2022-02-01,"exploration","waste_water","gas",4998.3
"663",2022-03-01,"exploration","waste_water","gas",4622.27
"664",2022-04-01,"exploration","waste_water","gas",4242.99
"665",2022-05-01,"exploration","waste_water","gas",2698.89
"666",2022-06-01,"exploration","waste_water","gas",3625.56
"667",2022-07-01,"exploration","waste_water","gas",4123.26
"668",2022-08-01,"exploration","waste_water","gas",7842.14
"669",2022-09-01,"exploration","waste_water","gas",6690.47
"670",2022-10-01,"exploration","waste_water","gas",3818.49
"671",2022-11-01,"exploration","waste_water","gas",6125.28
"672",2022-12-01,"exploration","waste_water","gas",10297.07
"673",2023-01-01,"exploration","waste_water","gas",6050.43
"674",2023-02-01,"exploration","waste_water","gas",6413.59
"675",2023-03-01,"exploration","waste_water","gas",9743.73
"676",2017-01-01,"extraction","waste_water","gas",3762.57
"677",2017-02-01,"extraction","waste_water","gas",2699.89
"678",2017-03-01,"extraction","waste_water","gas",1082.5
"679",2017-04-01,"extraction","waste_water","gas",5196.99
"680",2017-05-01,"extraction","waste_water","gas",7258.08
"681",2017-06-01,"extraction","waste_water","gas",1720.47
"682",2017-07-01,"extraction","waste_water","gas",9745.06
"683",2017-08-01,"extraction","waste_water","gas",7554.35
"684",2017-09-01,"extraction","waste_water","gas",4448.63
"685",2017-10-01,"extraction","waste_water","gas",4290.72
"686",2017-11-01,"extraction","waste_water","gas",8371.81
"687",2017-12-01,"extraction","waste_water","gas",2303.27
"688",2018-01-01,"extraction","waste_water","gas",1681.32
"689",2018-02-01,"extraction","waste_water","gas",1604.39
"690",2018-03-01,"extraction","waste_water","gas",3675.14
"691",2018-04-01,"extraction","waste_water","gas",6355.14
"692",2018-05-01,"extraction","waste_water","gas",7771.54
"693",2018-06-01,"extraction","waste_water","gas",2885.58
"694",2018-07-01,"extraction","waste_water","gas",4047.45
"695",2018-08-01,"extraction","waste_water","gas",10061.88
"696",2018-09-01,"extraction","waste_water","gas",3259.85
"697",2018-10-01,"extraction","waste_water","gas",6944.79
"698",2018-11-01,"extraction","waste_water","gas",6485.28
"699",2018-12-01,"extraction","waste_water","gas",2431.01
"700",2019-01-01,"extraction","waste_water","gas",4441.66
"701",2019-02-01,"extraction","waste_water","gas",5119.32
"702",2019-03-01,"extraction","waste_water","gas",5812.25
"703",2019-04-01,"extraction","waste_water","gas",9432.03
"704",2019-05-01,"extraction","waste_water","gas",1214.02
"705",2019-06-01,"extraction","waste_water","gas",7118.3
"706",2019-07-01,"extraction","waste_water","gas",165.08
"707",2019-08-01,"extraction","waste_water","gas",88.35
"708",2019-09-01,"extraction","waste_water","gas",3487.81
"709",2019-10-01,"extraction","waste_water","gas",7670.54
"710",2019-11-01,"extraction","waste_water","gas",4492.54
"711",2019-12-01,"extraction","waste_water","gas",10208.05
"712",2020-01-01,"extraction","waste_water","gas",6448.74
"713",2020-02-01,"extraction","waste_water","gas",8089.01
"714",2020-03-01,"extraction","waste_water","gas",9390.92
"715",2020-04-01,"extraction","waste_water","gas",9263.28
"716",2020-05-01,"extraction","waste_water","gas",872.06
"717",2020-06-01,"extraction","waste_water","gas",5572.43
"718",2020-07-01,"extraction","waste_water","gas",9299.29
"719",2020-08-01,"extraction","waste_water","gas",4617.55
"720",2020-09-01,"extraction","waste_water","gas",47.84
"721",2020-10-01,"extraction","waste_water","gas",4147.95
"722",2020-11-01,"extraction","waste_water","gas",5505.57
"723",2020-12-01,"extraction","waste_water","gas",5390.62
"724",2021-01-01,"extraction","waste_water","gas",3026.96
"725",2021-02-01,"extraction","waste_water","gas",5437.2
"726",2021-03-01,"extraction","waste_water","gas",5861.7
"727",2021-04-01,"extraction","waste_water","gas",1118.86
"728",2021-05-01,"extraction","waste_water","gas",9914.76
"729",2021-06-01,"extraction","waste_water","gas",4145.68
"730",2021-07-01,"extraction","waste_water","gas",5701.27
"731",2021-08-01,"extraction","waste_water","gas",6573.51
"732",2021-09-01,"extraction","waste_water","gas",8255.38
"733",2021-10-01,"extraction","waste_water","gas",334.04
"734",2021-11-01,"extraction","waste_water","gas",4027.03
"735",2021-12-01,"extraction","waste_water","gas",7730.36
"736",2022-01-01,"extraction","waste_water","gas",27.94
"737",2022-02-01,"extraction","waste_water","gas",1970.05
"738",2022-03-01,"extraction","waste_water","gas",3333.1
"739",2022-04-01,"extraction","waste_water","gas",4576.61
"740",2022-05-01,"extraction","waste_water","gas",8382.97
"741",2022-06-01,"extraction","waste_water","gas",7721.64
"742",2022-07-01,"extraction","waste_water","gas",7328.01
"743",2022-08-01,"extraction","waste_water","gas",8317.12
"744",2022-09-01,"extraction","waste_water","gas",1485.12
"745",2022-10-01,"extraction","waste_water","gas",9149.62
"746",2022-11-01,"extraction","waste_water","gas",3386
"747",2022-12-01,"extraction","waste_water","gas",9799.03
"748",2023-01-01,"extraction","waste_water","gas",1729.22
"749",2023-02-01,"extraction","waste_water","gas",8950.39
"750",2023-03-01,"extraction","waste_water","gas",4281.86
"751",2017-01-01,"development","waste_water","gas",821.5
"752",2017-02-01,"development","waste_water","gas",9141.74
"753",2017-03-01,"development","waste_water","gas",8422.72
"754",2017-04-01,"development","waste_water","gas",8060.03
"755",2017-05-01,"development","waste_water","gas",3566.52
"756",2017-06-01,"development","waste_water","gas",53.05
"757",2017-07-01,"development","waste_water","gas",4449.84
"758",2017-08-01,"development","waste_water","gas",5918.49
"759",2017-09-01,"development","waste_water","gas",4680.13
"760",2017-10-01,"development","waste_water","gas",43.78
"761",2017-11-01,"development","waste_water","gas",8078.99
"762",2017-12-01,"development","waste_water","gas",444.21
"763",2018-01-01,"development","waste_water","gas",8241.75
"764",2018-02-01,"development","waste_water","gas",6026.6
"765",2018-03-01,"development","waste_water","gas",1802.33
"766",2018-04-01,"development","waste_water","gas",8385.11
"767",2018-05-01,"development","waste_water","gas",2163.39
"768",2018-06-01,"development","waste_water","gas",10484.06
"769",2018-07-01,"development","waste_water","gas",8940.69
"770",2018-08-01,"development","waste_water","gas",234.74
"771",2018-09-01,"development","waste_water","gas",5756.59
"772",2018-10-01,"development","waste_water","gas",843.74
"773",2018-11-01,"development","waste_water","gas",9835.96
"774",2018-12-01,"development","waste_water","gas",7780.84
"775",2019-01-01,"development","waste_water","gas",1986.08
"776",2019-02-01,"development","waste_water","gas",819.81
"777",2019-03-01,"development","waste_water","gas",6.52
"778",2019-04-01,"development","waste_water","gas",2342.64
"779",2019-05-01,"development","waste_water","gas",9486.19
"780",2019-06-01,"development","waste_water","gas",8225.45
"781",2019-07-01,"development","waste_water","gas",1603.79
"782",2019-08-01,"development","waste_water","gas",4312.42
"783",2019-09-01,"development","waste_water","gas",2835.36
"784",2019-10-01,"development","waste_water","gas",4231.65
"785",2019-11-01,"development","waste_water","gas",1725.23
"786",2019-12-01,"development","waste_water","gas",6510.94
"787",2020-01-01,"development","waste_water","gas",9957.35
"788",2020-02-01,"development","waste_water","gas",9958.71
"789",2020-03-01,"development","waste_water","gas",10208
"790",2020-04-01,"development","waste_water","gas",4771.47
"791",2020-05-01,"development","waste_water","gas",4337.74
"792",2020-06-01,"development","waste_water","gas",5459.44
"793",2020-07-01,"development","waste_water","gas",4314.17
"794",2020-08-01,"development","waste_water","gas",3950.33
"795",2020-09-01,"development","waste_water","gas",9180.49
"796",2020-10-01,"development","waste_water","gas",2343.26
"797",2020-11-01,"development","waste_water","gas",7672.62
"798",2020-12-01,"development","waste_water","gas",2469.93
"799",2021-01-01,"development","waste_water","gas",3142.28
"800",2021-02-01,"development","waste_water","gas",8023.34
"801",2021-03-01,"development","waste_water","gas",4737.04
"802",2021-04-01,"development","waste_water","gas",6435.02
"803",2021-05-01,"development","waste_water","gas",6045.19
"804",2021-06-01,"development","waste_water","gas",9041.63
"805",2021-07-01,"development","waste_water","gas",5449.17
"806",2021-08-01,"development","waste_water","gas",9416.09
"807",2021-09-01,"development","waste_water","gas",10147.7
"808",2021-10-01,"development","waste_water","gas",2775.45
"809",2021-11-01,"development","waste_water","gas",3449.46
"810",2021-12-01,"development","waste_water","gas",33.42
"811",2022-01-01,"development","waste_water","gas",7012.61
"812",2022-02-01,"development","waste_water","gas",6534.7
"813",2022-03-01,"development","waste_water","gas",3332.99
"814",2022-04-01,"development","waste_water","gas",6870.86
"815",2022-05-01,"development","waste_water","gas",8221.66
"816",2022-06-01,"development","waste_water","gas",3741.33
"817",2022-07-01,"development","waste_water","gas",719.84
"818",2022-08-01,"development","waste_water","gas",5861.93
"819",2022-09-01,"development","waste_water","gas",4521.52
"820",2022-10-01,"development","waste_water","gas",6467.02
"821",2022-11-01,"development","waste_water","gas",7478.09
"822",2022-12-01,"development","waste_water","gas",5044.63
"823",2023-01-01,"development","waste_water","gas",6703.2
"824",2023-02-01,"development","waste_water","gas",4143.19
"825",2023-03-01,"development","waste_water","gas",5325.88
"826",2017-01-01,"production","waste_water","gas",3996.47
"827",2017-02-01,"production","waste_water","gas",899.84
"828",2017-03-01,"production","waste_water","gas",755.78
"829",2017-04-01,"production","waste_water","gas",668.86
"830",2017-05-01,"production","waste_water","gas",1374.97
"831",2017-06-01,"production","waste_water","gas",4820.08
"832",2017-07-01,"production","waste_water","gas",3998.43
"833",2017-08-01,"production","waste_water","gas",36.59
"834",2017-09-01,"production","waste_water","gas",9194.19
"835",2017-10-01,"production","waste_water","gas",4498.61
"836",2017-11-01,"production","waste_water","gas",213.42
"837",2017-12-01,"production","waste_water","gas",1213.92
"838",2018-01-01,"production","waste_water","gas",2564.25
"839",2018-02-01,"production","waste_water","gas",9763.06
"840",2018-03-01,"production","waste_water","gas",5613.64
"841",2018-04-01,"production","waste_water","gas",463.92
"842",2018-05-01,"production","waste_water","gas",8088.39
"843",2018-06-01,"production","waste_water","gas",413.1
"844",2018-07-01,"production","waste_water","gas",6083.67
"845",2018-08-01,"production","waste_water","gas",780.71
"846",2018-09-01,"production","waste_water","gas",126.5
"847",2018-10-01,"production","waste_water","gas",4135.6
"848",2018-11-01,"production","waste_water","gas",2662.33
"849",2018-12-01,"production","waste_water","gas",9806.04
"850",2019-01-01,"production","waste_water","gas",3621.28
"851",2019-02-01,"production","waste_water","gas",9290.27
"852",2019-03-01,"production","waste_water","gas",4056.91
"853",2019-04-01,"production","waste_water","gas",10246.27
"854",2019-05-01,"production","waste_water","gas",3326.7
"855",2019-06-01,"production","waste_water","gas",9527.88
"856",2019-07-01,"production","waste_water","gas",1970.95
"857",2019-08-01,"production","waste_water","gas",10471.4
"858",2019-09-01,"production","waste_water","gas",5488.97
"859",2019-10-01,"production","waste_water","gas",5051.19
"860",2019-11-01,"production","waste_water","gas",7073.29
"861",2019-12-01,"production","waste_water","gas",7989.6
"862",2020-01-01,"production","waste_water","gas",1588.74
"863",2020-02-01,"production","waste_water","gas",3170.86
"864",2020-03-01,"production","waste_water","gas",10192.49
"865",2020-04-01,"production","waste_water","gas",3583.65
"866",2020-05-01,"production","waste_water","gas",6180.59
"867",2020-06-01,"production","waste_water","gas",7979.17
"868",2020-07-01,"production","waste_water","gas",2933.32
"869",2020-08-01,"production","waste_water","gas",4349.12
"870",2020-09-01,"production","waste_water","gas",7449.19
"871",2020-10-01,"production","waste_water","gas",292.9
"872",2020-11-01,"production","waste_water","gas",2155.61
"873",2020-12-01,"production","waste_water","gas",6024.54
"874",2021-01-01,"production","waste_water","gas",6280.84
"875",2021-02-01,"production","waste_water","gas",673.13
"876",2021-03-01,"production","waste_water","gas",1905.69
"877",2021-04-01,"production","waste_water","gas",5269.07
"878",2021-05-01,"production","waste_water","gas",1559.37
"879",2021-06-01,"production","waste_water","gas",348.23
"880",2021-07-01,"production","waste_water","gas",6615.33
"881",2021-08-01,"production","waste_water","gas",9347.24
"882",2021-09-01,"production","waste_water","gas",6355.31
"883",2021-10-01,"production","waste_water","gas",9222.29
"884",2021-11-01,"production","waste_water","gas",363.41
"885",2021-12-01,"production","waste_water","gas",7316.9
"886",2022-01-01,"production","waste_water","gas",8931.83
"887",2022-02-01,"production","waste_water","gas",8887.05
"888",2022-03-01,"production","waste_water","gas",928.71
"889",2022-04-01,"production","waste_water","gas",6030.43
"890",2022-05-01,"production","waste_water","gas",4150.86
"891",2022-06-01,"production","waste_water","gas",3418.49
"892",2022-07-01,"production","waste_water","gas",8270.23
"893",2022-08-01,"production","waste_water","gas",6545.97
"894",2022-09-01,"production","waste_water","gas",4391.22
"895",2022-10-01,"production","waste_water","gas",7171.88
"896",2022-11-01,"production","waste_water","gas",1059.57
"897",2022-12-01,"production","waste_water","gas",7916.03
"898",2023-01-01,"production","waste_water","gas",2775.97
"899",2023-02-01,"production","waste_water","gas",1927.62
"900",2023-03-01,"production","waste_water","gas",5094.09
"901",2017-01-01,"exploration","solid_waste","gas",3573.01
"902",2017-02-01,"exploration","solid_waste","gas",6376.66
"903",2017-03-01,"exploration","solid_waste","gas",52.92
"904",2017-04-01,"exploration","solid_waste","gas",648.86
"905",2017-05-01,"exploration","solid_waste","gas",2345.98
"906",2017-06-01,"exploration","solid_waste","gas",3854.08
"907",2017-07-01,"exploration","solid_waste","gas",8330.63
"908",2017-08-01,"exploration","solid_waste","gas",1528.65
"909",2017-09-01,"exploration","solid_waste","gas",3828.42
"910",2017-10-01,"exploration","solid_waste","gas",2762.57
"911",2017-11-01,"exploration","solid_waste","gas",8159.22
"912",2017-12-01,"exploration","solid_waste","gas",5854.02
"913",2018-01-01,"exploration","solid_waste","gas",8331.71
"914",2018-02-01,"exploration","solid_waste","gas",7138.86
"915",2018-03-01,"exploration","solid_waste","gas",978.93
"916",2018-04-01,"exploration","solid_waste","gas",4252.06
"917",2018-05-01,"exploration","solid_waste","gas",3982.39
"918",2018-06-01,"exploration","solid_waste","gas",1066.08
"919",2018-07-01,"exploration","solid_waste","gas",4529.79
"920",2018-08-01,"exploration","solid_waste","gas",3683.13
"921",2018-09-01,"exploration","solid_waste","gas",4076.57
"922",2018-10-01,"exploration","solid_waste","gas",9756.49
"923",2018-11-01,"exploration","solid_waste","gas",3346.82
"924",2018-12-01,"exploration","solid_waste","gas",512.98
"925",2019-01-01,"exploration","solid_waste","gas",2512.86
"926",2019-02-01,"exploration","solid_waste","gas",1951.38
"927",2019-03-01,"exploration","solid_waste","gas",4716.55
"928",2019-04-01,"exploration","solid_waste","gas",6252.69
"929",2019-05-01,"exploration","solid_waste","gas",6553.93
"930",2019-06-01,"exploration","solid_waste","gas",3967.93
"931",2019-07-01,"exploration","solid_waste","gas",6577.44
"932",2019-08-01,"exploration","solid_waste","gas",5304.03
"933",2019-09-01,"exploration","solid_waste","gas",3845.65
"934",2019-10-01,"exploration","solid_waste","gas",1765.22
"935",2019-11-01,"exploration","solid_waste","gas",276.64
"936",2019-12-01,"exploration","solid_waste","gas",9510.05
"937",2020-01-01,"exploration","solid_waste","gas",9904.67
"938",2020-02-01,"exploration","solid_waste","gas",2261.78
"939",2020-03-01,"exploration","solid_waste","gas",4221.13
"940",2020-04-01,"exploration","solid_waste","gas",6279.02
"941",2020-05-01,"exploration","solid_waste","gas",2446.66
"942",2020-06-01,"exploration","solid_waste","gas",7158.78
"943",2020-07-01,"exploration","solid_waste","gas",4704.91
"944",2020-08-01,"exploration","solid_waste","gas",500.33
"945",2020-09-01,"exploration","solid_waste","gas",3238.14
"946",2020-10-01,"exploration","solid_waste","gas",6193.54
"947",2020-11-01,"exploration","solid_waste","gas",7959.69
"948",2020-12-01,"exploration","solid_waste","gas",5216.33
"949",2021-01-01,"exploration","solid_waste","gas",807.36
"950",2021-02-01,"exploration","solid_waste","gas",4589.96
"951",2021-03-01,"exploration","solid_waste","gas",7448.67
"952",2021-04-01,"exploration","solid_waste","gas",4302.17
"953",2021-05-01,"exploration","solid_waste","gas",7753.62
"954",2021-06-01,"exploration","solid_waste","gas",5603.67
"955",2021-07-01,"exploration","solid_waste","gas",9838.03
"956",2021-08-01,"exploration","solid_waste","gas",7905.92
"957",2021-09-01,"exploration","solid_waste","gas",1427.46
"958",2021-10-01,"exploration","solid_waste","gas",8820.22
"959",2021-11-01,"exploration","solid_waste","gas",9105.5
"960",2021-12-01,"exploration","solid_waste","gas",7680.4
"961",2022-01-01,"exploration","solid_waste","gas",1780.58
"962",2022-02-01,"exploration","solid_waste","gas",9796.73
"963",2022-03-01,"exploration","solid_waste","gas",7221.56
"964",2022-04-01,"exploration","solid_waste","gas",9125.83
"965",2022-05-01,"exploration","solid_waste","gas",1070.02
"966",2022-06-01,"exploration","solid_waste","gas",8153.57
"967",2022-07-01,"exploration","solid_waste","gas",7041.89
"968",2022-08-01,"exploration","solid_waste","gas",2015.2
"969",2022-09-01,"exploration","solid_waste","gas",4611.33
"970",2022-10-01,"exploration","solid_waste","gas",6571.1
"971",2022-11-01,"exploration","solid_waste","gas",5761
"972",2022-12-01,"exploration","solid_waste","gas",152.77
"973",2023-01-01,"exploration","solid_waste","gas",10292.73
"974",2023-02-01,"exploration","solid_waste","gas",1120.01
"975",2023-03-01,"exploration","solid_waste","gas",5923.04
"976",2017-01-01,"extraction","solid_waste","gas",750.44
"977",2017-02-01,"extraction","solid_waste","gas",3840.19
"978",2017-03-01,"extraction","solid_waste","gas",9178.11
"979",2017-04-01,"extraction","solid_waste","gas",8440.23
"980",2017-05-01,"extraction","solid_waste","gas",3884.09
"981",2017-06-01,"extraction","solid_waste","gas",7967.85
"982",2017-07-01,"extraction","solid_waste","gas",2051.42
"983",2017-08-01,"extraction","solid_waste","gas",6586.83
"984",2017-09-01,"extraction","solid_waste","gas",7257.92
"985",2017-10-01,"extraction","solid_waste","gas",899.86
"986",2017-11-01,"extraction","solid_waste","gas",6230.22
"987",2017-12-01,"extraction","solid_waste","gas",8593.26
"988",2018-01-01,"extraction","solid_waste","gas",2242.03
"989",2018-02-01,"extraction","solid_waste","gas",2476.42
"990",2018-03-01,"extraction","solid_waste","gas",304.88
"991",2018-04-01,"extraction","solid_waste","gas",10406.02
"992",2018-05-01,"extraction","solid_waste","gas",8256.72
"993",2018-06-01,"extraction","solid_waste","gas",896.5
"994",2018-07-01,"extraction","solid_waste","gas",9733.24
"995",2018-08-01,"extraction","solid_waste","gas",4175.44
"996",2018-09-01,"extraction","solid_waste","gas",6089.97
"997",2018-10-01,"extraction","solid_waste","gas",1855.4
"998",2018-11-01,"extraction","solid_waste","gas",9906.79
"999",2018-12-01,"extraction","solid_waste","gas",1825.9
"1000",2019-01-01,"extraction","solid_waste","gas",1256.51
"1001",2019-02-01,"extraction","solid_waste","gas",8593.45
"1002",2019-03-01,"extraction","solid_waste","gas",2970.07
"1003",2019-04-01,"extraction","solid_waste","gas",5583.21
"1004",2019-05-01,"extraction","solid_waste","gas",5564.41
"1005",2019-06-01,"extraction","solid_waste","gas",3612.14
"1006",2019-07-01,"extraction","solid_waste","gas",5830.38
"1007",2019-08-01,"extraction","solid_waste","gas",2180.01
"1008",2019-09-01,"extraction","solid_waste","gas",4089.27
"1009",2019-10-01,"extraction","solid_waste","gas",9298.22
"1010",2019-11-01,"extraction","solid_waste","gas",3809.01
"1011",2019-12-01,"extraction","solid_waste","gas",5000.96
"1012",2020-01-01,"extraction","solid_waste","gas",4819.42
"1013",2020-02-01,"extraction","solid_waste","gas",1675
"1014",2020-03-01,"extraction","solid_waste","gas",10085.66
"1015",2020-04-01,"extraction","solid_waste","gas",2617.49
"1016",2020-05-01,"extraction","solid_waste","gas",8941.94
"1017",2020-06-01,"extraction","solid_waste","gas",7905.3
"1018",2020-07-01,"extraction","solid_waste","gas",1552.14
"1019",2020-08-01,"extraction","solid_waste","gas",10417.95
"1020",2020-09-01,"extraction","solid_waste","gas",124.22
"1021",2020-10-01,"extraction","solid_waste","gas",6337.37
"1022",2020-11-01,"extraction","solid_waste","gas",5872.41
"1023",2020-12-01,"extraction","solid_waste","gas",4081.45
"1024",2021-01-01,"extraction","solid_waste","gas",5573.51
"1025",2021-02-01,"extraction","solid_waste","gas",9070.11
"1026",2021-03-01,"extraction","solid_waste","gas",6921.59
"1027",2021-04-01,"extraction","solid_waste","gas",3101.63
"1028",2021-05-01,"extraction","solid_waste","gas",148.74
"1029",2021-06-01,"extraction","solid_waste","gas",5067.8
"1030",2021-07-01,"extraction","solid_waste","gas",1827.68
"1031",2021-08-01,"extraction","solid_waste","gas",3848.66
"1032",2021-09-01,"extraction","solid_waste","gas",9455.44
"1033",2021-10-01,"extraction","solid_waste","gas",4876.09
"1034",2021-11-01,"extraction","solid_waste","gas",8064.55
"1035",2021-12-01,"extraction","solid_waste","gas",6535
"1036",2022-01-01,"extraction","solid_waste","gas",6571.87
"1037",2022-02-01,"extraction","solid_waste","gas",6078.84
"1038",2022-03-01,"extraction","solid_waste","gas",5023.88
"1039",2022-04-01,"extraction","solid_waste","gas",7162.32
"1040",2022-05-01,"extraction","solid_waste","gas",7229.33
"1041",2022-06-01,"extraction","solid_waste","gas",6867.47
"1042",2022-07-01,"extraction","solid_waste","gas",6597.66
"1043",2022-08-01,"extraction","solid_waste","gas",203.21
"1044",2022-09-01,"extraction","solid_waste","gas",8018.13
"1045",2022-10-01,"extraction","solid_waste","gas",10042.15
"1046",2022-11-01,"extraction","solid_waste","gas",2607.98
"1047",2022-12-01,"extraction","solid_waste","gas",9806.22
"1048",2023-01-01,"extraction","solid_waste","gas",8389.86
"1049",2023-02-01,"extraction","solid_waste","gas",5318.41
"1050",2023-03-01,"extraction","solid_waste","gas",3912.94
"1051",2017-01-01,"development","solid_waste","gas",1146.61
"1052",2017-02-01,"development","solid_waste","gas",2666.87
"1053",2017-03-01,"development","solid_waste","gas",5125.41
"1054",2017-04-01,"development","solid_waste","gas",1903.13
"1055",2017-05-01,"development","solid_waste","gas",7313.98
"1056",2017-06-01,"development","solid_waste","gas",1862.11
"1057",2017-07-01,"development","solid_waste","gas",5129.26
"1058",2017-08-01,"development","solid_waste","gas",7963.18
"1059",2017-09-01,"development","solid_waste","gas",436.95
"1060",2017-10-01,"development","solid_waste","gas",1495.23
"1061",2017-11-01,"development","solid_waste","gas",7787.8
"1062",2017-12-01,"development","solid_waste","gas",3261.9
"1063",2018-01-01,"development","solid_waste","gas",7313.78
"1064",2018-02-01,"development","solid_waste","gas",8919.65
"1065",2018-03-01,"development","solid_waste","gas",1660.53
"1066",2018-04-01,"development","solid_waste","gas",5342.11
"1067",2018-05-01,"development","solid_waste","gas",8131.3
"1068",2018-06-01,"development","solid_waste","gas",4308.54
"1069",2018-07-01,"development","solid_waste","gas",9412.01
"1070",2018-08-01,"development","solid_waste","gas",5354.5
"1071",2018-09-01,"development","solid_waste","gas",2976.2
"1072",2018-10-01,"development","solid_waste","gas",1160.91
"1073",2018-11-01,"development","solid_waste","gas",3545.07
"1074",2018-12-01,"development","solid_waste","gas",2233.19
"1075",2019-01-01,"development","solid_waste","gas",2860.98
"1076",2019-02-01,"development","solid_waste","gas",203.29
"1077",2019-03-01,"development","solid_waste","gas",10022.77
"1078",2019-04-01,"development","solid_waste","gas",5641.62
"1079",2019-05-01,"development","solid_waste","gas",472.47
"1080",2019-06-01,"development","solid_waste","gas",9607.79
"1081",2019-07-01,"development","solid_waste","gas",7155.22
"1082",2019-08-01,"development","solid_waste","gas",4417.44
"1083",2019-09-01,"development","solid_waste","gas",3780.5
"1084",2019-10-01,"development","solid_waste","gas",8107.55
"1085",2019-11-01,"development","solid_waste","gas",9365.08
"1086",2019-12-01,"development","solid_waste","gas",2504.83
"1087",2020-01-01,"development","solid_waste","gas",9144.93
"1088",2020-02-01,"development","solid_waste","gas",5885.57
"1089",2020-03-01,"development","solid_waste","gas",100.28
"1090",2020-04-01,"development","solid_waste","gas",442.35
"1091",2020-05-01,"development","solid_waste","gas",8561.11
"1092",2020-06-01,"development","solid_waste","gas",7007.9
"1093",2020-07-01,"development","solid_waste","gas",551.19
"1094",2020-08-01,"development","solid_waste","gas",7730.53
"1095",2020-09-01,"development","solid_waste","gas",3123.08
"1096",2020-10-01,"development","solid_waste","gas",9778.78
"1097",2020-11-01,"development","solid_waste","gas",8408.02
"1098",2020-12-01,"development","solid_waste","gas",6571.02
"1099",2021-01-01,"development","solid_waste","gas",9701.5
"1100",2021-02-01,"development","solid_waste","gas",4172.87
"1101",2021-03-01,"development","solid_waste","gas",8053.88
"1102",2021-04-01,"development","solid_waste","gas",10451.17
"1103",2021-05-01,"development","solid_waste","gas",1840.46
"1104",2021-06-01,"development","solid_waste","gas",1559.07
"1105",2021-07-01,"development","solid_waste","gas",437.24
"1106",2021-08-01,"development","solid_waste","gas",7884.94
"1107",2021-09-01,"development","solid_waste","gas",5279.53
"1108",2021-10-01,"development","solid_waste","gas",9335.53
"1109",2021-11-01,"development","solid_waste","gas",1996.1
"1110",2021-12-01,"development","solid_waste","gas",7688.74
"1111",2022-01-01,"development","solid_waste","gas",9007.12
"1112",2022-02-01,"development","solid_waste","gas",543.26
"1113",2022-03-01,"development","solid_waste","gas",1027.9
"1114",2022-04-01,"development","solid_waste","gas",3801.5
"1115",2022-05-01,"development","solid_waste","gas",3427.49
"1116",2022-06-01,"development","solid_waste","gas",9880.8
"1117",2022-07-01,"development","solid_waste","gas",10305.06
"1118",2022-08-01,"development","solid_waste","gas",7010.77
"1119",2022-09-01,"development","solid_waste","gas",5312.61
"1120",2022-10-01,"development","solid_waste","gas",4734.02
"1121",2022-11-01,"development","solid_waste","gas",8312.9
"1122",2022-12-01,"development","solid_waste","gas",8797
"1123",2023-01-01,"development","solid_waste","gas",9574.34
"1124",2023-02-01,"development","solid_waste","gas",7332.85
"1125",2023-03-01,"development","solid_waste","gas",7562.47
"1126",2017-01-01,"production","solid_waste","gas",6916.74
"1127",2017-02-01,"production","solid_waste","gas",9020.78
"1128",2017-03-01,"production","solid_waste","gas",428.96
"1129",2017-04-01,"production","solid_waste","gas",2151.73
"1130",2017-05-01,"production","solid_waste","gas",7594.37
"1131",2017-06-01,"production","solid_waste","gas",4413.08
"1132",2017-07-01,"production","solid_waste","gas",7406.48
"1133",2017-08-01,"production","solid_waste","gas",8994.66
"1134",2017-09-01,"production","solid_waste","gas",937.54
"1135",2017-10-01,"production","solid_waste","gas",1134.51
"1136",2017-11-01,"production","solid_waste","gas",1426.79
"1137",2017-12-01,"production","solid_waste","gas",9258.71
"1138",2018-01-01,"production","solid_waste","gas",3968.99
"1139",2018-02-01,"production","solid_waste","gas",5360.6
"1140",2018-03-01,"production","solid_waste","gas",9222.95
"1141",2018-04-01,"production","solid_waste","gas",10182.05
"1142",2018-05-01,"production","solid_waste","gas",2880.14
"1143",2018-06-01,"production","solid_waste","gas",4114.12
"1144",2018-07-01,"production","solid_waste","gas",5603.45
"1145",2018-08-01,"production","solid_waste","gas",4792.78
"1146",2018-09-01,"production","solid_waste","gas",500.78
"1147",2018-10-01,"production","solid_waste","gas",2147.5
"1148",2018-11-01,"production","solid_waste","gas",6059.27
"1149",2018-12-01,"production","solid_waste","gas",5366.15
"1150",2019-01-01,"production","solid_waste","gas",1571.14
"1151",2019-02-01,"production","solid_waste","gas",2256.19
"1152",2019-03-01,"production","solid_waste","gas",1993.25
"1153",2019-04-01,"production","solid_waste","gas",10084.07
"1154",2019-05-01,"production","solid_waste","gas",9612.1
"1155",2019-06-01,"production","solid_waste","gas",6070.1
"1156",2019-07-01,"production","solid_waste","gas",7006.56
"1157",2019-08-01,"production","solid_waste","gas",5381.81
"1158",2019-09-01,"production","solid_waste","gas",8482.74
"1159",2019-10-01,"production","solid_waste","gas",4679.29
"1160",2019-11-01,"production","solid_waste","gas",9880.29
"1161",2019-12-01,"production","solid_waste","gas",5127.72
"1162",2020-01-01,"production","solid_waste","gas",8597.39
"1163",2020-02-01,"production","solid_waste","gas",8385.51
"1164",2020-03-01,"production","solid_waste","gas",9902.05
"1165",2020-04-01,"production","solid_waste","gas",646.98
"1166",2020-05-01,"production","solid_waste","gas",1205.22
"1167",2020-06-01,"production","solid_waste","gas",6391.23
"1168",2020-07-01,"production","solid_waste","gas",10318.37
"1169",2020-08-01,"production","solid_waste","gas",3212.34
"1170",2020-09-01,"production","solid_waste","gas",4837.86
"1171",2020-10-01,"production","solid_waste","gas",5908.82
"1172",2020-11-01,"production","solid_waste","gas",5848.67
"1173",2020-12-01,"production","solid_waste","gas",7232.22
"1174",2021-01-01,"production","solid_waste","gas",10376.4
"1175",2021-02-01,"production","solid_waste","gas",3741.54
"1176",2021-03-01,"production","solid_waste","gas",2715.1
"1177",2021-04-01,"production","solid_waste","gas",4072.14
"1178",2021-05-01,"production","solid_waste","gas",2064.88
"1179",2021-06-01,"production","solid_waste","gas",10445.47
"1180",2021-07-01,"production","solid_waste","gas",8590.16
"1181",2021-08-01,"production","solid_waste","gas",10212.7
"1182",2021-09-01,"production","solid_waste","gas",6582.39
"1183",2021-10-01,"production","solid_waste","gas",6292
"1184",2021-11-01,"production","solid_waste","gas",6489.67
"1185",2021-12-01,"production","solid_waste","gas",5312.12
"1186",2022-01-01,"production","solid_waste","gas",5931.16
"1187",2022-02-01,"production","solid_waste","gas",6298.4
"1188",2022-03-01,"production","solid_waste","gas",6981.55
"1189",2022-04-01,"production","solid_waste","gas",10455.45
"1190",2022-05-01,"production","solid_waste","gas",691.6
"1191",2022-06-01,"production","solid_waste","gas",2752.01
"1192",2022-07-01,"production","solid_waste","gas",5553.92
"1193",2022-08-01,"production","solid_waste","gas",2056.34
"1194",2022-09-01,"production","solid_waste","gas",6168.13
"1195",2022-10-01,"production","solid_waste","gas",6733.39
"1196",2022-11-01,"production","solid_waste","gas",4175.83
"1197",2022-12-01,"production","solid_waste","gas",6907.51
"1198",2023-01-01,"production","solid_waste","gas",693.9
"1199",2023-02-01,"production","solid_waste","gas",3742.3
"1200",2023-03-01,"production","solid_waste","gas",4774.48
